Salary (USD),Location,Experience (Years),Job Title,Date,Salary Source,Additional Information,URL
300.0,N/A,N/A,N/A,2024-07-03,Explicit,https://www.reddit.com/r/Accounting/comments/1du34x2/question_about_mortgage_points/,https://reddit.com/r/Accounting/comments/1du34x2/question_about_mortgage_points/lbeahl4/
36400.0,N/A,N/A,N/A,2024-07-03,Explicit,https://www.reddit.com/r/Accounting/comments/1dts49l/is_the_accounting_job_market_better_than_most_of/,https://reddit.com/r/Accounting/comments/1dts49l/is_the_accounting_job_market_better_than_most_of/lbdgola/
35360.0,N/A,N/A,N/A,2024-07-02,Explicit,https://www.reddit.com/r/Accounting/comments/1dts49l/is_the_accounting_job_market_better_than_most_of/,https://reddit.com/r/Accounting/comments/1dts49l/is_the_accounting_job_market_better_than_most_of/lbcgqk4/
24960.0,N/A,N/A,N/A,2024-07-02,Explicit,https://www.reddit.com/r/Accounting/comments/1dtspg7/confused/,https://reddit.com/r/Accounting/comments/1dtspg7/confused/lbbmz4n/
24.0,N/A,N/A,N/A,2024-07-02,Explicit,https://www.reddit.com/r/FinancialCareers/comments/1dt51og/tipsadvice_as_i_head_into_a_career_in_wealth/,https://reddit.com/r/FinancialCareers/comments/1dt51og/tipsadvice_as_i_head_into_a_career_in_wealth/lbaqees/
35360.0,N/A,N/A,N/A,2024-07-03,Explicit,https://www.reddit.com/r/careerguidance/comments/1du0ocy/how_to_start_over_at_50_with_a_teenaged_daughter/,https://reddit.com/r/careerguidance/comments/1du0ocy/how_to_start_over_at_50_with_a_teenaged_daughter/lbe0mzb/
1200.0,N/A,N/A,N/A,2024-07-03,Explicit,https://www.reddit.com/r/personalfinance/comments/1dtza7n/im_drowning_and_need_helpadvise/,https://reddit.com/r/personalfinance/comments/1dtza7n/im_drowning_and_need_helpadvise/lbe26nd/
3600.0,N/A,N/A,N/A,2024-07-03,Explicit,https://www.reddit.com/r/personalfinance/comments/1du23wc/can_i_justify_a_320_gym_membership/,https://reddit.com/r/personalfinance/comments/1du23wc/can_i_justify_a_320_gym_membership/lbdsd7b/
144.0,N/A,N/A,N/A,2024-07-03,Explicit,https://www.reddit.com/r/personalfinance/comments/1du1pkm/chase_300_chrcking_bonus/,https://reddit.com/r/personalfinance/comments/1du1pkm/chase_300_chrcking_bonus/lbdoxpb/
768.0,N/A,N/A,N/A,2024-07-03,Explicit,https://www.reddit.com/r/personalfinance/comments/1dtza7n/im_drowning_and_need_helpadvise/,https://reddit.com/r/personalfinance/comments/1dtza7n/im_drowning_and_need_helpadvise/lbdnt9h/
1596.0,N/A,N/A,N/A,2024-07-03,Explicit,https://www.reddit.com/r/personalfinance/comments/1du23wc/can_i_justify_a_320_gym_membership/,https://reddit.com/r/personalfinance/comments/1du23wc/can_i_justify_a_320_gym_membership/lbdmkqv/
3600.0,N/A,N/A,N/A,2024-07-03,Explicit,https://www.reddit.com/r/personalfinance/comments/1du1abn/getting_a_heloc_for_2nd_property_is_this_feasible/,https://reddit.com/r/personalfinance/comments/1du1abn/getting_a_heloc_for_2nd_property_is_this_feasible/lbdjzq7/
420.0,N/A,N/A,N/A,2024-07-03,Explicit,https://www.reddit.com/r/personalfinance/comments/1dtza7n/im_drowning_and_need_helpadvise/,https://reddit.com/r/personalfinance/comments/1dtza7n/im_drowning_and_need_helpadvise/lbdenc7/
7000.0,N/A,N/A,N/A,2024-07-03,Explicit,https://www.reddit.com/r/personalfinance/comments/1du00o3/help_me_decide_what_to_do/,https://reddit.com/r/personalfinance/comments/1du00o3/help_me_decide_what_to_do/lbdd1aa/
9600.0,N/A,N/A,N/A,2024-07-03,Explicit,https://www.reddit.com/r/personalfinance/comments/1dtza7n/im_drowning_and_need_helpadvise/,https://reddit.com/r/personalfinance/comments/1dtza7n/im_drowning_and_need_helpadvise/lbdafx9/
7000.0,N/A,N/A,N/A,2024-07-03,Explicit,https://www.reddit.com/r/personalfinance/comments/1du026z/can_you_close_an_ira/,https://reddit.com/r/personalfinance/comments/1du026z/can_you_close_an_ira/lbd9ouf/
24960.0,N/A,N/A,N/A,2024-07-02,Explicit,https://www.reddit.com/r/work/comments/1dtlcgj/company_took_away_earned_vacation_hours/,https://reddit.com/r/work/comments/1dtlcgj/company_took_away_earned_vacation_hours/lbbrhnb/
600.0,N/A,N/A,N/A,2024-07-02,Explicit,https://www.reddit.com/r/Entrepreneur/comments/1dtyr74/launching_a_website_subscription_service_would/,https://reddit.com/r/Entrepreneur/comments/1dtyr74/launching_a_website_subscription_service_would/lbd67dn/
780.0,N/A,N/A,N/A,2024-07-02,Explicit,https://www.reddit.com/r/Entrepreneur/comments/1dtyr74/launching_a_website_subscription_service_would/,https://reddit.com/r/Entrepreneur/comments/1dtyr74/launching_a_website_subscription_service_would/lbd5w5j/
130894.4,N/A,N/A,N/A,2024-06-29,Explicit,https://www.reddit.com/r/Salary/comments/1dqyvdq/salary_negotiations/,https://reddit.com/r/Salary/comments/1dqyvdq/salary_negotiations/lash8t7/
149760.0,N/A,N/A,N/A,2024-06-28,Explicit,https://www.reddit.com/r/Salary/comments/1dogexu/be_honest_do_you_make_less_than_a_burger/,https://reddit.com/r/Salary/comments/1dogexu/be_honest_do_you_make_less_than_a_burger/lape2bc/
1800.0,N/A,N/A,N/A,2024-07-03,Explicit,https://www.reddit.com/r/InsuranceProfessional/comments/1du39qe/everyone_trying_to_convince_me_to_not_get_my/,https://reddit.com/r/InsuranceProfessional/comments/1du39qe/everyone_trying_to_convince_me_to_not_get_my/lbec6za/
29120.0,N/A,N/A,N/A,2024-06-22,Explicit,https://www.reddit.com/r/InsuranceProfessional/comments/1dksfl5/what_made_you_get_into_insurance/,https://reddit.com/r/InsuranceProfessional/comments/1dksfl5/what_made_you_get_into_insurance/l9s1m35/
12000.0,N/A,N/A,N/A,2024-07-02,Explicit,https://www.reddit.com/r/tax/comments/1dtkfk4/got_audited_filed_a_petition_did_not_like/,https://reddit.com/r/tax/comments/1dtkfk4/got_audited_filed_a_petition_did_not_like/lbbszp0/
32240.0,N/A,N/A,N/A,2024-07-02,Explicit,https://www.reddit.com/r/tax/comments/1dtprk3/potential_penalties_for_paying_kids_too_much/,https://reddit.com/r/tax/comments/1dtprk3/potential_penalties_for_paying_kids_too_much/lbb2y4w/
41600.0,N/A,N/A,N/A,2024-07-02,Explicit,https://www.reddit.com/r/tax/comments/1byg2u0/i_used_to_work_at_optima_tax_relief_here_is_the/,https://reddit.com/r/tax/comments/1byg2u0/i_used_to_work_at_optima_tax_relief_here_is_the/lb90cdh/
125.0,N/A,N/A,N/A,2024-07-01,Explicit,https://www.reddit.com/r/tax/comments/1dt7juv/trying_to_reinstate_an_llc_after_3_years/,https://reddit.com/r/tax/comments/1dt7juv/trying_to_reinstate_an_llc_after_3_years/lb7jj5a/
48000.0,N/A,N/A,N/A,2024-06-26,Explicit,https://www.reddit.com/r/freelance/comments/1dp42vv/how_to_deal_with_inconsistent_income/,https://reddit.com/r/freelance/comments/1dp42vv/how_to_deal_with_inconsistent_income/laf27oi/
124800.0,N/A,N/A,N/A,2024-06-24,Explicit,https://www.reddit.com/r/freelance/comments/1dn47yb/client_treating_me_like_employee/,https://reddit.com/r/freelance/comments/1dn47yb/client_treating_me_like_employee/la3o418/
31200.0,N/A,N/A,N/A,2024-06-23,Explicit,https://www.reddit.com/r/freelance/comments/1dmbbyz/how_much_money_do_you_earn_monthly_in_which/,https://reddit.com/r/freelance/comments/1dmbbyz/how_much_money_do_you_earn_monthly_in_which/l9vs8r9/
800.0,N/A,N/A,N/A,2024-06-25,Explicit,https://www.reddit.com/r/taxpros/comments/1dmyek9/gaps_in_tech_stack_for_lacerte_tax_practice/,https://reddit.com/r/taxpros/comments/1dmyek9/gaps_in_tech_stack_for_lacerte_tax_practice/la6hfhe/
120.0,N/A,N/A,N/A,2024-06-20,Explicit,https://www.reddit.com/r/taxpros/comments/1djjsgg/is_anyone_still_not_on_board_with_quickbooks/,https://reddit.com/r/taxpros/comments/1djjsgg/is_anyone_still_not_on_board_with_quickbooks/l9h879f/
120.0,N/A,N/A,N/A,2024-06-19,Explicit,https://www.reddit.com/r/taxpros/comments/1djjsgg/is_anyone_still_not_on_board_with_quickbooks/,https://reddit.com/r/taxpros/comments/1djjsgg/is_anyone_still_not_on_board_with_quickbooks/l9brrdd/
8500.0,N/A,N/A,N/A,2024-06-08,Explicit,https://www.reddit.com/r/taxpros/comments/1d8axob/tax_research_subscription/,https://reddit.com/r/taxpros/comments/1d8axob/tax_research_subscription/l7m1mqz/
420.0,N/A,N/A,N/A,2024-07-03,Explicit,https://www.reddit.com/r/antiwork/comments/1dtpddl/would_you_leave_a_higher_paying_job_because_you/,https://reddit.com/r/antiwork/comments/1dtpddl/would_you_leave_a_higher_paying_job_because_you/lbdnhs6/
800.0,N/A,N/A,N/A,2024-07-02,Explicit,https://www.reddit.com/r/Bookkeeping/comments/1dt8sa4/stuck_at_5_clients_and_getting_desperate/,https://reddit.com/r/Bookkeeping/comments/1dt8sa4/stuck_at_5_clients_and_getting_desperate/lb865eo/
3540.0,N/A,N/A,N/A,2024-06-26,Explicit,https://www.reddit.com/r/Bookkeeping/comments/1dnmts9/is_anyone_willing_to_share_their_pricing/,https://reddit.com/r/Bookkeeping/comments/1dnmts9/is_anyone_willing_to_share_their_pricing/labia82/
135200.0,N/A,N/A,N/A,2024-06-25,Explicit,https://www.reddit.com/r/Bookkeeping/comments/1dnmts9/is_anyone_willing_to_share_their_pricing/,https://reddit.com/r/Bookkeeping/comments/1dnmts9/is_anyone_willing_to_share_their_pricing/la8tb87/
135200.0,N/A,N/A,N/A,2024-06-25,Explicit,https://www.reddit.com/r/Bookkeeping/comments/1dnmts9/is_anyone_willing_to_share_their_pricing/,https://reddit.com/r/Bookkeeping/comments/1dnmts9/is_anyone_willing_to_share_their_pricing/la6o0xg/
260000.0,N/A,N/A,N/A,2024-06-24,Explicit,https://www.reddit.com/r/Bookkeeping/comments/1dnmts9/is_anyone_willing_to_share_their_pricing/,https://reddit.com/r/Bookkeeping/comments/1dnmts9/is_anyone_willing_to_share_their_pricing/la4esij/
240.0,N/A,N/A,N/A,2024-07-01,Explicit,https://www.reddit.com/r/FinancialPlanning/comments/1dt2qau/turning_25_and_i_have_25k_in_my_savings_what_now/,https://reddit.com/r/FinancialPlanning/comments/1dt2qau/turning_25_and_i_have_25k_in_my_savings_what_now/lb6qnpy/
2600.0,N/A,N/A,N/A,2024-07-01,Explicit,https://www.reddit.com/r/FinancialPlanning/comments/1dsdfdi/16_an_hour_to_50_an_hour_in_central_california/,https://reddit.com/r/FinancialPlanning/comments/1dsdfdi/16_an_hour_to_50_an_hour_in_central_california/lb4jgja/
24000.0,N/A,N/A,N/A,2024-07-01,Explicit,https://www.reddit.com/r/FinancialPlanning/comments/1dslpod/advice_for_a_20_year_old/,https://reddit.com/r/FinancialPlanning/comments/1dslpod/advice_for_a_20_year_old/lb49j98/
60000.0,N/A,N/A,N/A,2024-06-30,Explicit,https://www.reddit.com/r/FinancialPlanning/comments/1ds7996/how_much_can_i_afford_to_spend_on_a_car/,https://reddit.com/r/FinancialPlanning/comments/1ds7996/how_much_can_i_afford_to_spend_on_a_car/lb1frvz/
11280.0,N/A,N/A,N/A,2024-06-30,Explicit,https://www.reddit.com/r/FinancialPlanning/comments/1ds2n9y/buying_a_30000_car_when_does_it_make_sense_to/,https://reddit.com/r/FinancialPlanning/comments/1ds2n9y/buying_a_30000_car_when_does_it_make_sense_to/lb1361g/
600.0,N/A,N/A,N/A,2024-07-03,Explicit,https://www.reddit.com/r/investing/comments/1du4qbj/what_to_do_with_whole_life_policy_created_for_me/,https://reddit.com/r/investing/comments/1du4qbj/what_to_do_with_whole_life_policy_created_for_me/lbedp9p/
240.0,N/A,N/A,N/A,2024-07-03,Explicit,https://www.reddit.com/r/investing/comments/1dtrpmu/could_the_ai_bubble_end_up_looking_like_msft/,https://reddit.com/r/investing/comments/1dtrpmu/could_the_ai_bubble_end_up_looking_like_msft/lbdit0b/
9600.0,N/A,N/A,N/A,2024-07-02,Explicit,https://www.reddit.com/r/investing/comments/1dtqfhp/24_and_stuck_at_80k_net_worth_what_to_do_to_break/,https://reddit.com/r/investing/comments/1dtqfhp/24_and_stuck_at_80k_net_worth_what_to_do_to_break/lbcnz47/
7000.0,N/A,N/A,N/A,2024-07-02,Explicit,https://www.reddit.com/r/investing/comments/1dtso96/rolling_35k_of_529k_into_a_roth_ira_any_strings/,https://reddit.com/r/investing/comments/1dtso96/rolling_35k_of_529k_into_a_roth_ira_any_strings/lbbm84p/
700.0,N/A,N/A,N/A,2024-07-03,Explicit,https://www.reddit.com/r/stocks/comments/1dtlvh3/tesla_reports_443956_deliveries_in_second_quarter/,https://reddit.com/r/stocks/comments/1dtlvh3/tesla_reports_443956_deliveries_in_second_quarter/lbdhl49/
6000.0,N/A,N/A,N/A,2024-07-02,Explicit,https://www.reddit.com/r/CreditCards/comments/1dtsek2/beginner_credit_card_suggestions_wo_annual_fee/,https://reddit.com/r/CreditCards/comments/1dtsek2/beginner_credit_card_suggestions_wo_annual_fee/lbblr82/
7200.0,N/A,N/A,N/A,2024-07-02,Explicit,https://www.reddit.com/r/budget/comments/1dt9nvl/single_22_year_old_moving_out_on_my_own/,https://reddit.com/r/budget/comments/1dt9nvl/single_22_year_old_moving_out_on_my_own/lb86z55/
14400.0,N/A,N/A,N/A,2024-07-01,Explicit,https://www.reddit.com/r/budget/comments/1dsypry/help_me_budget_9773_in_debt_with_payday_loans/,https://reddit.com/r/budget/comments/1dsypry/help_me_budget_9773_in_debt_with_payday_loans/lb6n5u3/
4800.0,N/A,N/A,N/A,2024-07-01,Explicit,https://www.reddit.com/r/budget/comments/1dsypry/help_me_budget_9773_in_debt_with_payday_loans/,https://reddit.com/r/budget/comments/1dsypry/help_me_budget_9773_in_debt_with_payday_loans/lb6l6xs/
8400.0,N/A,N/A,N/A,2024-06-30,Explicit,https://www.reddit.com/r/budget/comments/1drie0y/scared_i_may_never_move_out_of_parents_house_how/,https://reddit.com/r/budget/comments/1drie0y/scared_i_may_never_move_out_of_parents_house_how/laxis7a/
1044.0,N/A,N/A,N/A,2024-06-29,Explicit,https://www.reddit.com/r/budget/comments/1dr07zr/need_advicebudgeting_help_living_paycheck_to/,https://reddit.com/r/budget/comments/1dr07zr/need_advicebudgeting_help_living_paycheck_to/larujoy/
300.0,N/A,N/A,N/A,2024-06-28,Explicit,https://www.reddit.com/r/budget/comments/1dqbfjy/new_to_the_us_need_help_budgeting/,https://reddit.com/r/budget/comments/1dqbfjy/new_to_the_us_need_help_budgeting/laq2omd/
5200.0,N/A,N/A,N/A,2024-06-28,Explicit,https://www.reddit.com/r/budget/comments/1dqi80u/need_help_with_extremely_high_grocery_budget/,https://reddit.com/r/budget/comments/1dqi80u/need_help_with_extremely_high_grocery_budget/lapw25t/
4800.0,N/A,N/A,N/A,2024-06-28,Explicit,https://www.reddit.com/r/budget/comments/1dqi80u/need_help_with_extremely_high_grocery_budget/,https://reddit.com/r/budget/comments/1dqi80u/need_help_with_extremely_high_grocery_budget/lap9vsh/
84.0,N/A,N/A,N/A,2024-06-28,Explicit,https://www.reddit.com/r/budget/comments/1dqi80u/need_help_with_extremely_high_grocery_budget/,https://reddit.com/r/budget/comments/1dqi80u/need_help_with_extremely_high_grocery_budget/laoexk9/
31200.0,N/A,N/A,N/A,2024-06-28,Explicit,https://www.reddit.com/r/budget/comments/1dqi80u/need_help_with_extremely_high_grocery_budget/,https://reddit.com/r/budget/comments/1dqi80u/need_help_with_extremely_high_grocery_budget/laobrzn/
9600.0,N/A,N/A,N/A,2024-06-28,Explicit,https://www.reddit.com/r/budget/comments/1dqi80u/need_help_with_extremely_high_grocery_budget/,https://reddit.com/r/budget/comments/1dqi80u/need_help_with_extremely_high_grocery_budget/lao5gd2/
7200.0,N/A,N/A,N/A,2024-06-28,Explicit,https://www.reddit.com/r/budget/comments/1dqi80u/need_help_with_extremely_high_grocery_budget/,https://reddit.com/r/budget/comments/1dqi80u/need_help_with_extremely_high_grocery_budget/lao4ui7/
99.0,N/A,N/A,N/A,2024-06-27,Explicit,https://www.reddit.com/r/budget/comments/1dpx07l/beginner_confused/,https://reddit.com/r/budget/comments/1dpx07l/beginner_confused/lal4gmj/
6000.0,N/A,N/A,N/A,2024-06-27,Explicit,https://www.reddit.com/r/budget/comments/1dpuade/budgeting_with_varying_paychecks/,https://reddit.com/r/budget/comments/1dpuade/budgeting_with_varying_paychecks/lajbxba/
6960.0,N/A,N/A,N/A,2024-06-27,Explicit,https://www.reddit.com/r/budget/comments/1dpjfpr/can_someonewho_makes_150ishk_please_provide_a/,https://reddit.com/r/budget/comments/1dpjfpr/can_someonewho_makes_150ishk_please_provide_a/lai6u1x/
14400.0,N/A,N/A,N/A,2024-06-24,Explicit,https://www.reddit.com/r/budget/comments/1dmwk5f/is_250_on_food_a_month_an_ok_amount/,https://reddit.com/r/budget/comments/1dmwk5f/is_250_on_food_a_month_an_ok_amount/la14h9d/
20800.0,N/A,N/A,N/A,2024-06-21,Explicit,https://www.reddit.com/r/budget/comments/1dg09qa/how_much_do_you_spend_on_food_2024_us_responses/,https://reddit.com/r/budget/comments/1dg09qa/how_much_do_you_spend_on_food_2024_us_responses/l9k7kg8/
13500.0,N/A,N/A,N/A,2024-06-19,Explicit,https://www.reddit.com/r/budget/comments/1dg09qa/how_much_do_you_spend_on_food_2024_us_responses/,https://reddit.com/r/budget/comments/1dg09qa/how_much_do_you_spend_on_food_2024_us_responses/l9coz34/
7200.0,N/A,N/A,N/A,2024-06-19,Explicit,https://www.reddit.com/r/budget/comments/1dg09qa/how_much_do_you_spend_on_food_2024_us_responses/,https://reddit.com/r/budget/comments/1dg09qa/how_much_do_you_spend_on_food_2024_us_responses/l9c0fwh/
2912.0,N/A,N/A,N/A,2024-06-19,Explicit,https://www.reddit.com/r/budget/comments/1dg09qa/how_much_do_you_spend_on_food_2024_us_responses/,https://reddit.com/r/budget/comments/1dg09qa/how_much_do_you_spend_on_food_2024_us_responses/l9b5sxf/
3600.0,N/A,N/A,N/A,2024-06-19,Explicit,https://www.reddit.com/r/budget/comments/1dg09qa/how_much_do_you_spend_on_food_2024_us_responses/,https://reddit.com/r/budget/comments/1dg09qa/how_much_do_you_spend_on_food_2024_us_responses/l9aofrd/
11700.0,N/A,N/A,N/A,2024-06-19,Explicit,https://www.reddit.com/r/budget/comments/1dg09qa/how_much_do_you_spend_on_food_2024_us_responses/,https://reddit.com/r/budget/comments/1dg09qa/how_much_do_you_spend_on_food_2024_us_responses/l99d5nh/
14400.0,N/A,N/A,N/A,2024-06-19,Explicit,https://www.reddit.com/r/budget/comments/1dg09qa/how_much_do_you_spend_on_food_2024_us_responses/,https://reddit.com/r/budget/comments/1dg09qa/how_much_do_you_spend_on_food_2024_us_responses/l9972v7/
3900.0,N/A,N/A,N/A,2024-06-19,Explicit,https://www.reddit.com/r/budget/comments/1dg09qa/how_much_do_you_spend_on_food_2024_us_responses/,https://reddit.com/r/budget/comments/1dg09qa/how_much_do_you_spend_on_food_2024_us_responses/l98kdeh/
3480.0,N/A,N/A,N/A,2024-06-18,Explicit,https://www.reddit.com/r/budget/comments/1dg09qa/how_much_do_you_spend_on_food_2024_us_responses/,https://reddit.com/r/budget/comments/1dg09qa/how_much_do_you_spend_on_food_2024_us_responses/l981s8n/
9600.0,N/A,N/A,N/A,2024-06-18,Explicit,https://www.reddit.com/r/budget/comments/1dg09qa/how_much_do_you_spend_on_food_2024_us_responses/,https://reddit.com/r/budget/comments/1dg09qa/how_much_do_you_spend_on_food_2024_us_responses/l97dufw/
6000.0,N/A,N/A,N/A,2024-06-18,Explicit,https://www.reddit.com/r/budget/comments/1dg09qa/how_much_do_you_spend_on_food_2024_us_responses/,https://reddit.com/r/budget/comments/1dg09qa/how_much_do_you_spend_on_food_2024_us_responses/l96ym9e/
18000.0,N/A,N/A,N/A,2024-07-03,Explicit,https://www.reddit.com/r/financialindependence/comments/1du2g5e/renting_apartment_vs_owning_house_for_fire/,https://reddit.com/r/financialindependence/comments/1du2g5e/renting_apartment_vs_owning_house_for_fire/lbef8j4/
3900.0,N/A,N/A,N/A,2024-07-03,Explicit,https://www.reddit.com/r/financialindependence/comments/1dthail/daily_fi_discussion_thread_tuesday_july_02_2024/,https://reddit.com/r/financialindependence/comments/1dthail/daily_fi_discussion_thread_tuesday_july_02_2024/lbdghqk/
2496.0,N/A,N/A,N/A,2024-07-02,Explicit,https://www.reddit.com/r/financialindependence/comments/1dthail/daily_fi_discussion_thread_tuesday_july_02_2024/,https://reddit.com/r/financialindependence/comments/1dthail/daily_fi_discussion_thread_tuesday_july_02_2024/lbbn2kp/
90000.0,N/A,N/A,N/A,2024-07-02,Explicit,https://www.reddit.com/r/financialindependence/comments/1dtcflo/high_net_worth_but_off_track/,https://reddit.com/r/financialindependence/comments/1dtcflo/high_net_worth_but_off_track/lba3q62/
104000.0,N/A,N/A,N/A,2024-07-02,Explicit,https://www.reddit.com/r/financialindependence/comments/1dthail/daily_fi_discussion_thread_tuesday_july_02_2024/,https://reddit.com/r/financialindependence/comments/1dthail/daily_fi_discussion_thread_tuesday_july_02_2024/lba3b8u/
60.0,N/A,N/A,N/A,2024-07-02,Explicit,https://www.reddit.com/r/financialindependence/comments/1dsoepn/daily_fi_discussion_thread_monday_july_01_2024/,https://reddit.com/r/financialindependence/comments/1dsoepn/daily_fi_discussion_thread_monday_july_01_2024/lb88crf/
11760.0,N/A,N/A,N/A,2024-07-02,Explicit,https://www.reddit.com/r/business/comments/1dtij1n/statistically_can_i_run_my_startup_successfully/,https://reddit.com/r/business/comments/1dtij1n/statistically_can_i_run_my_startup_successfully/lb9tw8g/
1800.0,N/A,N/A,N/A,2024-07-01,Explicit,https://www.reddit.com/r/business/comments/1dr9qm5/what_would_be_the_best_value_company_plan_to/,https://reddit.com/r/business/comments/1dr9qm5/what_would_be_the_best_value_company_plan_to/lb46xri/
31200.0,N/A,N/A,N/A,2024-07-02,Explicit,https://www.reddit.com/r/smallbusiness/comments/1dtontb/bulk_order_pricing_not_wholesale/,https://reddit.com/r/smallbusiness/comments/1dtontb/bulk_order_pricing_not_wholesale/lbbc0lo/
208000.0,N/A,N/A,N/A,2024-07-02,Explicit,https://www.reddit.com/r/smallbusiness/comments/1dtochb/how_much_would_you_pay_for_a_peer_listenercoach/,https://reddit.com/r/smallbusiness/comments/1dtochb/how_much_would_you_pay_for_a_peer_listenercoach/lbanvys/
1200.0,N/A,N/A,N/A,2024-07-02,Explicit,https://www.reddit.com/r/jobs/comments/1ds40lq/any_of_you_who_made_more_than_100k_a_year_and_are/,https://reddit.com/r/jobs/comments/1ds40lq/any_of_you_who_made_more_than_100k_a_year_and_are/lbctznn/
285.0,N/A,N/A,N/A,2024-06-26,Explicit,https://www.reddit.com/r/Resume/comments/1blp5zu/resumenerdcom/,https://reddit.com/r/Resume/comments/1blp5zu/resumenerdcom/lacdgrs/
